id;employee_id;name;date_of_joining;gender;address;designation
1;Forward;Pre-emptive Reduced;2019-11-10;Female;SDD Trail;didactic Granite
2;Tasty Fresh Pizza Jewelery monitoring;Russian Federation Gorgeous ROI;2019-11-11;Female;Sleek Granite Car Integration Handcrafted;Tasty backing up Cambridgeshire
3;Borders Internal;open-source Ouguiya;2019-11-10;Female;Synchronised Pizza;array
4;Quality-focused Quality Generic;override Salad XSS;2019-11-10;Male;copying;reboot
5;Jewelery;synthesizing Bedfordshire;2019-11-11;Female;website New York;exuding
6;Beauty synthesizing;Gorgeous;2019-11-10;Male;copying benchmark Sausages;Licensed Directives Baht
7;Paradigm;application;2019-11-11;Female;SCSI;Technician Architect calculate
8;Auto Loan Account;Movies Sports;2019-11-11;Male;Grocery Ball Wells;partnerships Terrace Hat
9;calculating conglomeration bypassing;Kroon deposit systemic;2019-11-10;Female;THX Coordinator;grid-enabled Specialist e-services
10;program override red;payment efficient RSS;2019-11-10;Female;Licensed Cheese Summit;back up Auto Loan Account
